,prediction,p_0,p_1,filename
2582,1,0.08857600964475107,0.8793229211578333,images/orto-puerto-gata-58-19.tif
2583,1,0.04790665162030163,0.8069499830923621,images/orto-puerto-gata-58-20.tif
2584,1,0.04595462510186199,0.7650370398878665,images/orto-puerto-gata-58-21.tif
2585,1,0.06848962357800438,0.7312545057198124,images/orto-puerto-gata-58-22.tif
2586,1,0.07055998563735644,0.7494814630697618,images/orto-puerto-gata-58-23.tif
2587,1,0.08029825134800922,0.6713108170280035,images/orto-puerto-gata-58-24.tif
2588,1,0.1147940903665618,0.6341009722781593,images/orto-puerto-gata-58-25.tif
2589,1,0.09738713059888976,0.8234960821550581,images/orto-puerto-gata-58-26.tif
2590,1,0.10892621186560404,0.8952889607041404,images/orto-puerto-gata-58-27.tif
2591,1,0.1063055453104556,0.7432367906556354,images/orto-puerto-gata-58-28.tif
2592,1,0.16064934092965028,0.6455675969487521,images/orto-puerto-gata-58-29.tif
2593,0,0.7692034296577402,0.08808306912427917,images/orto-puerto-gata-58-30.tif
2594,1,0.29999586587880894,0.3304821790513123,images/orto-puerto-gata-58-31.tif
2595,1,0.18859465439004752,0.5872374712676669,images/orto-puerto-gata-58-32.tif
2596,1,0.20958522572226834,0.5533228925502794,images/orto-puerto-gata-58-33.tif
2597,1,0.08035646409977856,0.8478315894713528,images/orto-puerto-gata-58-34.tif
2598,1,0.08467076803619075,0.8750243533661366,images/orto-puerto-gata-58-35.tif
2599,1,0.06277766326083363,0.9250513494206496,images/orto-puerto-gata-58-36.tif
2600,1,0.05766448116617121,0.9360229284447944,images/orto-puerto-gata-58-37.tif
2601,1,0.163524601924039,0.956842486681382,images/orto-puerto-gata-58-38.tif
2602,1,0.2238483107989108,0.9606007430496342,images/orto-puerto-gata-58-39.tif
2603,1,0.07196393567597342,0.9269524068734952,images/orto-puerto-gata-58-40.tif
2604,1,0.07332382418717849,0.9297150794123252,images/orto-puerto-gata-58-41.tif
2605,1,0.0840051993727105,0.8349586104968603,images/orto-puerto-gata-58-42.tif
2606,1,0.20213486951125406,0.8499380748015666,images/orto-puerto-gata-58-43.tif
2607,1,0.1863318894621094,0.6826041862745351,images/orto-puerto-gata-58-44.tif
2608,1,0.16808702060700104,0.6661890063909166,images/orto-puerto-gata-58-45.tif
2609,1,0.1764545867673364,0.7398318146735684,images/orto-puerto-gata-58-46.tif
2610,1,0.2189795228785168,0.7035997173475401,images/orto-puerto-gata-58-47.tif
2611,1,0.1444153362240475,0.8047071669493462,images/orto-puerto-gata-58-48.tif
2612,1,0.14212686760110285,0.8569594077724124,images/orto-puerto-gata-58-49.tif
2613,1,0.17858999917396404,0.8627377687238702,images/orto-puerto-gata-58-50.tif
2614,1,0.3763578780176494,0.8090167875814219,images/orto-puerto-gata-58-51.tif
2615,1,0.3693673308059836,0.7910307126674392,images/orto-puerto-gata-59-18.tif
2616,1,0.04717833702588983,0.7671825682378205,images/orto-puerto-gata-59-19.tif
2617,1,0.04925489347246398,0.8274633406327085,images/orto-puerto-gata-59-20.tif
2618,1,0.08050870133482735,0.7105660256612384,images/orto-puerto-gata-59-21.tif
2619,1,0.0812141978617081,0.7546224132070581,images/orto-puerto-gata-59-22.tif
2620,1,0.0797619713204803,0.7464611680233892,images/orto-puerto-gata-59-23.tif
2621,1,0.07436509330706642,0.6393614775283168,images/orto-puerto-gata-59-24.tif
2622,1,0.1708012310154183,0.6499266638656042,images/orto-puerto-gata-59-25.tif
2623,1,0.1535408965010954,0.8106657147092342,images/orto-puerto-gata-59-26.tif
2624,1,0.05684119434072951,0.8854839658847377,images/orto-puerto-gata-59-27.tif
2625,1,0.19198294487449555,0.7694925120724423,images/orto-puerto-gata-59-28.tif
2626,1,0.2753308687076785,0.5490088386110847,images/orto-puerto-gata-59-29.tif
2627,0,0.5833373637113617,0.1868829944167294,images/orto-puerto-gata-59-30.tif
2628,1,0.2616183596619966,0.548139180145679,images/orto-puerto-gata-59-31.tif
2629,1,0.19366083313002114,0.5091607389773445,images/orto-puerto-gata-59-32.tif
2630,1,0.12549052648106984,0.7469080532720179,images/orto-puerto-gata-59-33.tif
2631,1,0.07661409671731842,0.7589945543961526,images/orto-puerto-gata-59-34.tif
2632,1,0.0972111191818356,0.8998880464537287,images/orto-puerto-gata-59-35.tif
2633,1,0.15150929745961092,0.9153525318103006,images/orto-puerto-gata-59-36.tif
2634,1,0.08350419194904328,0.9526332772892948,images/orto-puerto-gata-59-37.tif
2635,1,0.09242315507754607,0.9165959818885162,images/orto-puerto-gata-59-38.tif
2636,1,0.02642401643759616,0.8623757271575374,images/orto-puerto-gata-59-39.tif
2637,1,0.07490548734185444,0.8319731439333192,images/orto-puerto-gata-59-40.tif
2638,1,0.04473397097694557,0.8598036501159755,images/orto-puerto-gata-59-41.tif
2639,1,0.09201220001239026,0.762272638199495,images/orto-puerto-gata-59-42.tif
2640,1,0.07167026712173248,0.7510158469823905,images/orto-puerto-gata-59-43.tif
2641,1,0.1716572019219302,0.7479075397221299,images/orto-puerto-gata-59-44.tif
2642,1,0.12296847726042573,0.7522272063676063,images/orto-puerto-gata-59-45.tif
2643,1,0.2408984574024585,0.7266317929474703,images/orto-puerto-gata-59-46.tif
2644,1,0.1877813101744216,0.7347676453697961,images/orto-puerto-gata-59-47.tif
2645,1,0.13738578709799226,0.8694840612426172,images/orto-puerto-gata-59-48.tif
2646,1,0.1078780450190756,0.9270606426588202,images/orto-puerto-gata-59-49.tif
2647,1,0.22414570017742247,0.8600996712315564,images/orto-puerto-gata-59-50.tif
2648,1,0.10193209782633526,0.9008288020313784,images/orto-puerto-gata-60-18.tif
2649,1,0.1030914273573708,0.6849577606313499,images/orto-puerto-gata-60-19.tif
2650,1,0.08383757493264697,0.6256276332554414,images/orto-puerto-gata-60-20.tif
2651,1,0.07346086129962286,0.7995658180458114,images/orto-puerto-gata-60-21.tif
2652,1,0.0943513591504692,0.6774541618941563,images/orto-puerto-gata-60-22.tif
2653,1,0.06937309986230256,0.6958983630650425,images/orto-puerto-gata-60-23.tif
2654,1,0.08918271265048226,0.7366890785965817,images/orto-puerto-gata-60-24.tif
2655,1,0.09327290884797317,0.716378183373374,images/orto-puerto-gata-60-25.tif
2656,1,0.1521084239039377,0.7970991987087321,images/orto-puerto-gata-60-26.tif
2657,1,0.17773057472308626,0.7708562295829051,images/orto-puerto-gata-60-27.tif
2658,1,0.1598531987797766,0.7256133926517636,images/orto-puerto-gata-60-28.tif
2659,0,0.643347594654129,0.1613563724607641,images/orto-puerto-gata-60-29.tif
2660,1,0.2956093841071785,0.4151668235472405,images/orto-puerto-gata-60-30.tif
2661,1,0.2252485180001014,0.4885804917333199,images/orto-puerto-gata-60-31.tif
2662,1,0.03761314962276584,0.9452687056645132,images/orto-puerto-gata-60-32.tif
2663,1,0.15689304560072215,0.8356948119895183,images/orto-puerto-gata-60-33.tif
2664,1,0.09108196313484783,0.9296459698333851,images/orto-puerto-gata-60-34.tif
2665,1,0.12747187555464787,0.954730741740607,images/orto-puerto-gata-60-35.tif
2666,1,0.13991395881837382,0.9347610565572329,images/orto-puerto-gata-60-36.tif
2667,1,0.07607886669931617,0.9221984946651474,images/orto-puerto-gata-60-37.tif
2668,1,0.05271603385365843,0.7888441930998203,images/orto-puerto-gata-60-38.tif
2669,1,0.047838569646038484,0.7274204743399412,images/orto-puerto-gata-60-39.tif
2670,1,0.04415969785753602,0.6384497845749671,images/orto-puerto-gata-60-40.tif
2671,1,0.05009552095852325,0.6774748704154688,images/orto-puerto-gata-60-41.tif
2672,1,0.07494256606474911,0.6279656603737285,images/orto-puerto-gata-60-42.tif
2673,1,0.095293600705585,0.7272336681316196,images/orto-puerto-gata-60-43.tif
2674,1,0.14484492356375292,0.7144225544431458,images/orto-puerto-gata-60-44.tif
2675,1,0.13994702017867075,0.7731794742732992,images/orto-puerto-gata-60-45.tif
2676,1,0.28113360888328537,0.6374234034149375,images/orto-puerto-gata-60-46.tif
2677,1,0.20569647707295413,0.7285461141237142,images/orto-puerto-gata-60-47.tif
2678,1,0.0920538001198149,0.8297400074293342,images/orto-puerto-gata-60-48.tif
2679,1,0.10994338299946588,0.8701222137222554,images/orto-puerto-gata-60-49.tif
2680,1,0.20978362092796565,0.8732314632795141,images/orto-puerto-gata-61-17.tif
2681,1,0.06388236116219333,0.8588922061156055,images/orto-puerto-gata-61-18.tif
2682,1,0.08284131188374205,0.7316023212387063,images/orto-puerto-gata-61-19.tif
2683,1,0.08789426964191863,0.7115593463052023,images/orto-puerto-gata-61-20.tif
2684,1,0.0733505729079481,0.6502972580305755,images/orto-puerto-gata-61-21.tif
2685,1,0.08005857557218454,0.7214295619770192,images/orto-puerto-gata-61-22.tif
2686,1,0.07637785571291175,0.6645043323722563,images/orto-puerto-gata-61-23.tif
2687,1,0.04392821213446815,0.8581338205559763,images/orto-puerto-gata-61-24.tif
2688,1,0.08782760736324784,0.7139207129702494,images/orto-puerto-gata-61-25.tif
2689,1,0.12450278190415252,0.7192743075691296,images/orto-puerto-gata-61-26.tif
2690,1,0.20550452530400976,0.7454602744704337,images/orto-puerto-gata-61-27.tif
2691,1,0.25791401669075903,0.29847093478107106,images/orto-puerto-gata-61-28.tif
2692,0,0.5050290486548601,0.15503793903347615,images/orto-puerto-gata-61-29.tif
2693,1,0.1312589209070542,0.584077534920264,images/orto-puerto-gata-61-30.tif
2694,1,0.2609942875391043,0.6607663333549031,images/orto-puerto-gata-61-31.tif
2695,1,0.1056589811081126,0.9201800624456472,images/orto-puerto-gata-61-32.tif
2696,1,0.10756710788039936,0.910621397202368,images/orto-puerto-gata-61-33.tif
2697,1,0.12216281124429212,0.9373388367270294,images/orto-puerto-gata-61-34.tif
2698,1,0.05446716841741984,0.9559233122005798,images/orto-puerto-gata-61-35.tif
2699,1,0.14672692879278235,0.7604832136155429,images/orto-puerto-gata-61-36.tif
2700,1,0.09973668000704622,0.5351355487559878,images/orto-puerto-gata-61-37.tif
2701,1,0.17505934849753285,0.6616395016215421,images/orto-puerto-gata-61-38.tif
2702,1,0.08923716139675097,0.7388231971115234,images/orto-puerto-gata-61-39.tif
2703,1,0.07103248479432421,0.6954866453525574,images/orto-puerto-gata-61-40.tif
2704,1,0.08332128831359208,0.7117426091527894,images/orto-puerto-gata-61-41.tif
2705,1,0.05989135575919743,0.6791784156097375,images/orto-puerto-gata-61-42.tif
2706,1,0.14199976016848062,0.5270616785540683,images/orto-puerto-gata-61-43.tif
2707,1,0.08980454432014794,0.7498472066875123,images/orto-puerto-gata-61-44.tif
2708,1,0.13625392408198345,0.7565601788592201,images/orto-puerto-gata-61-45.tif
2709,1,0.08779297998431647,0.7539606636413206,images/orto-puerto-gata-61-46.tif
2710,1,0.20322155988617704,0.6769763302230026,images/orto-puerto-gata-61-47.tif
2711,1,0.1752326552507705,0.8093608026669824,images/orto-puerto-gata-61-48.tif
2712,1,0.3426229093062675,0.8379021979903891,images/orto-puerto-gata-61-49.tif
2713,1,0.08321107838899475,0.8956866963829427,images/orto-puerto-gata-62-17.tif
2714,1,0.11064330434938592,0.7118354085633158,images/orto-puerto-gata-62-18.tif
2715,1,0.13809040150314694,0.6298069839315884,images/orto-puerto-gata-62-19.tif
2716,1,0.0457275389177039,0.6827037381241262,images/orto-puerto-gata-62-20.tif
2717,1,0.09078075487059507,0.7554486374823735,images/orto-puerto-gata-62-21.tif
2718,1,0.0733645269146089,0.7842575906867093,images/orto-puerto-gata-62-22.tif
2719,1,0.1361812392217959,0.6819464134895125,images/orto-puerto-gata-62-23.tif
2720,1,0.07714914508609176,0.6887974714556818,images/orto-puerto-gata-62-24.tif
2721,1,0.1099304044726323,0.6123833659590482,images/orto-puerto-gata-62-25.tif
2722,1,0.14718161667112087,0.6417501587141661,images/orto-puerto-gata-62-26.tif
2723,1,0.08894459386694073,0.7921315536185349,images/orto-puerto-gata-62-27.tif
2724,0,0.4918925413491386,0.1604643319076992,images/orto-puerto-gata-62-28.tif
2725,1,0.2952052541319054,0.4577256004048298,images/orto-puerto-gata-62-29.tif
2726,1,0.22262789626843985,0.7793127708334814,images/orto-puerto-gata-62-30.tif
2727,1,0.11372066448615732,0.7945410612416238,images/orto-puerto-gata-62-31.tif
2728,1,0.06821007805828798,0.9436014019038328,images/orto-puerto-gata-62-32.tif
2729,1,0.09003388927054996,0.9410125397617304,images/orto-puerto-gata-62-33.tif
2730,1,0.07668206388436379,0.9049829737334999,images/orto-puerto-gata-62-34.tif
2731,1,0.1850708835413134,0.7320343820913282,images/orto-puerto-gata-62-35.tif
2732,1,0.14063764523791322,0.7313204719735183,images/orto-puerto-gata-62-36.tif
2733,1,0.11926264969661884,0.7351966078937635,images/orto-puerto-gata-62-37.tif
2734,1,0.2117468260976768,0.5998678427028538,images/orto-puerto-gata-62-38.tif
2735,1,0.19449847561159397,0.615356582022635,images/orto-puerto-gata-62-39.tif
2736,1,0.12997125717656452,0.6895723652120092,images/orto-puerto-gata-62-40.tif
2737,1,0.1480895432633745,0.6488610733888897,images/orto-puerto-gata-62-41.tif
2738,1,0.4097966343518445,0.5400513391423701,images/orto-puerto-gata-62-42.tif
2739,1,0.2455846995309813,0.7933892239060791,images/orto-puerto-gata-62-43.tif
2740,1,0.11564567630115945,0.8303181957903405,images/orto-puerto-gata-62-44.tif
2741,1,0.046251582077617814,0.914026338650734,images/orto-puerto-gata-62-45.tif
2742,1,0.08468340474166852,0.7974945958160997,images/orto-puerto-gata-62-46.tif
2743,1,0.04781417289026647,0.8975748030451346,images/orto-puerto-gata-62-47.tif
2744,1,0.21977455615333324,0.8494960444916116,images/orto-puerto-gata-62-48.tif
2745,1,0.3238569696782513,0.8227651482504206,images/orto-puerto-gata-63-16.tif
2746,1,0.04797920383813132,0.8123917072662593,images/orto-puerto-gata-63-17.tif
2747,1,0.09989983112102448,0.8186540740550348,images/orto-puerto-gata-63-18.tif
2748,1,0.04085889657568425,0.7393992688560528,images/orto-puerto-gata-63-19.tif
2749,1,0.09337184527772616,0.7172878599406279,images/orto-puerto-gata-63-20.tif
2750,1,0.07078036497205711,0.6870702372536382,images/orto-puerto-gata-63-21.tif
2751,1,0.06396320866220502,0.7910628261627518,images/orto-puerto-gata-63-22.tif
2752,1,0.061051482436234636,0.8051833231052964,images/orto-puerto-gata-63-23.tif
2753,1,0.13165450535896073,0.6196690019531308,images/orto-puerto-gata-63-24.tif
2754,1,0.08070247703628723,0.6867535713734572,images/orto-puerto-gata-63-25.tif
2755,1,0.09800555165649157,0.6509258221048102,images/orto-puerto-gata-63-26.tif
2756,1,0.1429952281102924,0.4619021401181113,images/orto-puerto-gata-63-27.tif
2757,0,0.5294578414562267,0.14855497020969738,images/orto-puerto-gata-63-28.tif
2758,1,0.3864769946063461,0.6432848892917776,images/orto-puerto-gata-63-29.tif
2759,1,0.14673949511977855,0.9237985195324059,images/orto-puerto-gata-63-30.tif
2760,1,0.1258965350766028,0.8906818561086205,images/orto-puerto-gata-63-31.tif
2761,1,0.0639159036172926,0.9144492056291508,images/orto-puerto-gata-63-32.tif
2762,1,0.11312907777300432,0.8156149184291062,images/orto-puerto-gata-63-33.tif
2763,1,0.18283071172920906,0.6502879319439436,images/orto-puerto-gata-63-34.tif
2764,1,0.20463612123904093,0.7598001729081308,images/orto-puerto-gata-63-35.tif
2765,1,0.19989612255365424,0.648250715435162,images/orto-puerto-gata-63-36.tif
2766,1,0.09272365296047774,0.8071825087625769,images/orto-puerto-gata-63-37.tif
2767,1,0.1171548921219632,0.8878897266482472,images/orto-puerto-gata-63-38.tif
2768,1,0.13221643238461311,0.7772864596607327,images/orto-puerto-gata-63-39.tif
2769,1,0.16388378769952594,0.7704624384420401,images/orto-puerto-gata-63-40.tif
2770,1,0.10325312897818224,0.735744933579669,images/orto-puerto-gata-63-41.tif
2771,1,0.14843030230237145,0.7329881557113829,images/orto-puerto-gata-63-42.tif
2772,1,0.09165298090093812,0.8900821871717489,images/orto-puerto-gata-63-43.tif
2773,1,0.09333205279941596,0.8387829399735971,images/orto-puerto-gata-63-44.tif
2774,1,0.0385938530797098,0.929246099819489,images/orto-puerto-gata-63-45.tif
2775,1,0.05596931833297073,0.7885206742199711,images/orto-puerto-gata-63-46.tif
2776,1,0.16034262666990434,0.8946371904829201,images/orto-puerto-gata-63-47.tif
2777,1,0.07639171648888758,0.9214000338662464,images/orto-puerto-gata-64-16.tif
2778,1,0.081609787172276,0.7070917434351673,images/orto-puerto-gata-64-17.tif
2779,1,0.06446548613720557,0.7762711084885636,images/orto-puerto-gata-64-18.tif
2780,1,0.07118327145329345,0.7400331799840121,images/orto-puerto-gata-64-19.tif
2781,1,0.08768195823396835,0.8166554881175649,images/orto-puerto-gata-64-20.tif
2782,1,0.06431185992180956,0.8279030886699094,images/orto-puerto-gata-64-21.tif
2783,1,0.08643064663819043,0.807925737570371,images/orto-puerto-gata-64-22.tif
2784,1,0.09212973034523696,0.6983400910752458,images/orto-puerto-gata-64-23.tif
2785,1,0.12235134659571698,0.6933799741117229,images/orto-puerto-gata-64-24.tif
2786,1,0.08375822474509112,0.7396877232685602,images/orto-puerto-gata-64-25.tif
2787,1,0.31304411168938723,0.5020798172437433,images/orto-puerto-gata-64-26.tif
2788,0,0.7587838891047349,0.10591245629092068,images/orto-puerto-gata-64-27.tif
2789,0,0.5501700448548252,0.314743619230747,images/orto-puerto-gata-64-28.tif
2790,1,0.2154478249539844,0.7467378099192405,images/orto-puerto-gata-64-29.tif
2791,1,0.18029133036073364,0.8510721210926572,images/orto-puerto-gata-64-30.tif
2792,1,0.09927499006375293,0.9304871167260802,images/orto-puerto-gata-64-31.tif
2793,1,0.25872526897705445,0.7128358728961638,images/orto-puerto-gata-64-32.tif
2794,1,0.14391662142577202,0.6652923469563773,images/orto-puerto-gata-64-33.tif
2795,1,0.28117382704075405,0.6841203528240968,images/orto-puerto-gata-64-34.tif
2796,1,0.14428935590514885,0.7320588813510237,images/orto-puerto-gata-64-35.tif
2797,1,0.2952645851294723,0.7809984413050824,images/orto-puerto-gata-64-36.tif
2798,1,0.18752318162194992,0.7115445891647366,images/orto-puerto-gata-64-37.tif
2799,1,0.18105546042511192,0.845962944430992,images/orto-puerto-gata-64-38.tif
2800,1,0.1683278303673824,0.8745097870065454,images/orto-puerto-gata-64-39.tif
2801,1,0.22039911312864505,0.7497163575372146,images/orto-puerto-gata-64-40.tif
2802,1,0.22310242770933444,0.773518251778125,images/orto-puerto-gata-64-41.tif
2803,1,0.1732161352722443,0.8399810196873806,images/orto-puerto-gata-64-42.tif
2804,1,0.12579768064365354,0.8051342496206529,images/orto-puerto-gata-64-43.tif
2805,1,0.32339135065626184,0.873317350483385,images/orto-puerto-gata-64-44.tif
2806,1,0.26018288774505216,0.8724601113481277,images/orto-puerto-gata-64-45.tif
2807,1,0.15728750101250707,0.8782238696625142,images/orto-puerto-gata-64-46.tif
2808,1,0.3411740327138106,0.8248245340768671,images/orto-puerto-gata-64-47.tif
2809,1,0.14119290130584206,0.8689981107031949,images/orto-puerto-gata-65-17.tif
2810,1,0.052264683666817816,0.8554142308692088,images/orto-puerto-gata-65-18.tif
2811,1,0.06606663482340758,0.7710939060512053,images/orto-puerto-gata-65-19.tif
2812,1,0.04388935744526785,0.8270392559453773,images/orto-puerto-gata-65-20.tif
2813,1,0.050617561905835856,0.8332920032873808,images/orto-puerto-gata-65-21.tif
2814,1,0.14528372679716176,0.7818310160911259,images/orto-puerto-gata-65-22.tif
2815,1,0.1091161070444561,0.6981404369827655,images/orto-puerto-gata-65-23.tif
2816,1,0.13065433076811706,0.6484814107545568,images/orto-puerto-gata-65-24.tif
2817,1,0.12149647549613404,0.7199520289913315,images/orto-puerto-gata-65-25.tif
2818,1,0.3368104443499827,0.3700331077991794,images/orto-puerto-gata-65-26.tif
2819,0,0.5135854411407039,0.21238567374597986,images/orto-puerto-gata-65-27.tif
2820,1,0.17682639276104814,0.568197119223168,images/orto-puerto-gata-65-28.tif
2821,1,0.16412579686612105,0.8555759520926473,images/orto-puerto-gata-65-29.tif
2822,1,0.06094148437465492,0.9337312311767046,images/orto-puerto-gata-65-30.tif
2823,1,0.1546239305400312,0.8038354584326906,images/orto-puerto-gata-65-31.tif
2824,1,0.1819283230070251,0.7414366047493094,images/orto-puerto-gata-65-32.tif
2825,1,0.0933499419198016,0.8225742816393948,images/orto-puerto-gata-65-33.tif
2826,1,0.23625307032097506,0.7504801655839336,images/orto-puerto-gata-65-34.tif
2827,1,0.13968170066562802,0.9032271671266046,images/orto-puerto-gata-65-35.tif
2828,1,0.14360764605643433,0.8496419491751813,images/orto-puerto-gata-65-36.tif
2829,1,0.14634425811385904,0.7552195376294645,images/orto-puerto-gata-65-37.tif
2830,1,0.2359608279408228,0.6946688115813467,images/orto-puerto-gata-65-38.tif
2831,1,0.18755159083555376,0.7554969270309331,images/orto-puerto-gata-65-39.tif
2832,1,0.23934461534475826,0.6610132643012754,images/orto-puerto-gata-65-40.tif
2833,1,0.1808272354192202,0.7594079518725241,images/orto-puerto-gata-65-41.tif
2834,1,0.22043970170794225,0.647863935882801,images/orto-puerto-gata-65-42.tif
2835,1,0.3075745260513021,0.8481577325578294,images/orto-puerto-gata-65-43.tif
2836,1,0.14878164679768058,0.8533519643824621,images/orto-puerto-gata-66-19.tif
2837,1,0.05060767765868447,0.8822059260185704,images/orto-puerto-gata-66-20.tif
2838,1,0.06837865452038508,0.8400865282490417,images/orto-puerto-gata-66-21.tif
2839,1,0.10497919740435346,0.7202911369245862,images/orto-puerto-gata-66-22.tif
2840,1,0.12540582017833726,0.5965188875956637,images/orto-puerto-gata-66-23.tif
2841,1,0.1862581966095649,0.6136444951599994,images/orto-puerto-gata-66-24.tif
2842,1,0.06363259400875038,0.7791341305999979,images/orto-puerto-gata-66-25.tif
2843,1,0.1831844016117312,0.7313588554976307,images/orto-puerto-gata-66-26.tif
2844,1,0.1272533573913945,0.6336495572913686,images/orto-puerto-gata-66-27.tif
2845,1,0.1648874086177579,0.735597220787516,images/orto-puerto-gata-66-28.tif
2846,1,0.05983050678215372,0.9350385105563886,images/orto-puerto-gata-66-29.tif
2847,1,0.050810372763621305,0.926097270135465,images/orto-puerto-gata-66-30.tif
2848,1,0.1939133019784288,0.7910924616606598,images/orto-puerto-gata-66-31.tif
2849,1,0.27934399545516153,0.6954252122030984,images/orto-puerto-gata-66-32.tif
2850,1,0.1544646020338943,0.8588039232352714,images/orto-puerto-gata-66-33.tif
2851,1,0.14244352476052102,0.6849365501843164,images/orto-puerto-gata-66-34.tif
2852,1,0.30163592909609915,0.6348684310108177,images/orto-puerto-gata-66-35.tif
2853,1,0.1491564664527893,0.7975802590754725,images/orto-puerto-gata-66-36.tif
2854,1,0.20369735874570766,0.672450419344214,images/orto-puerto-gata-66-37.tif
2855,1,0.2520915046271726,0.7114921896639798,images/orto-puerto-gata-66-38.tif
2856,1,0.2339430303555615,0.7181550574274799,images/orto-puerto-gata-66-39.tif
2857,1,0.10078701407551796,0.7622953240460845,images/orto-puerto-gata-66-40.tif
2858,1,0.2566211440863668,0.7269857766849516,images/orto-puerto-gata-66-41.tif
2859,1,0.2778692090099418,0.8553499803155287,images/orto-puerto-gata-66-42.tif
2860,1,0.360445835916993,0.8105378810040922,images/orto-puerto-gata-67-20.tif
2861,1,0.06564591999015351,0.9213469606667634,images/orto-puerto-gata-67-21.tif
2862,1,0.07314749008935555,0.9157442052391211,images/orto-puerto-gata-67-22.tif
2863,1,0.244707275989906,0.6919296867110813,images/orto-puerto-gata-67-23.tif
2864,1,0.16098353580963898,0.673474625904655,images/orto-puerto-gata-67-24.tif
2865,1,0.10375672044473724,0.7027621880357461,images/orto-puerto-gata-67-25.tif
2866,1,0.1344498077289124,0.8776493236859239,images/orto-puerto-gata-67-26.tif
2867,1,0.13536253552766972,0.8941732864946129,images/orto-puerto-gata-67-27.tif
2868,1,0.0862843713587919,0.9050758188144832,images/orto-puerto-gata-67-28.tif
2869,1,0.04299043840591119,0.93559806734874,images/orto-puerto-gata-67-29.tif
2870,1,0.10871897171852693,0.8748884436426722,images/orto-puerto-gata-67-30.tif
2871,1,0.4165896956945437,0.7125065911425915,images/orto-puerto-gata-67-31.tif
2872,1,0.3065633645909309,0.6995732770535121,images/orto-puerto-gata-67-32.tif
2873,1,0.3771057647910791,0.7111169886191805,images/orto-puerto-gata-67-33.tif
2874,1,0.21840394219182308,0.5920688359297342,images/orto-puerto-gata-67-34.tif
2875,1,0.33647685888486223,0.6325023770842629,images/orto-puerto-gata-67-35.tif
2876,1,0.3762784488367927,0.7283910787590446,images/orto-puerto-gata-67-36.tif
2877,1,0.13571278345058232,0.7623130580450959,images/orto-puerto-gata-67-37.tif
2878,1,0.1229139045522264,0.7194810351516445,images/orto-puerto-gata-67-38.tif
2879,1,0.12094185713436326,0.8210803461579665,images/orto-puerto-gata-67-39.tif
2880,1,0.2530164016822622,0.7460555715530544,images/orto-puerto-gata-67-40.tif
2881,1,0.24815019038851566,0.8750630783683301,images/orto-puerto-gata-67-41.tif
2882,1,0.3468985739689189,0.8422355113586876,images/orto-puerto-gata-68-22.tif
2883,1,0.09225829923572376,0.895394455786722,images/orto-puerto-gata-68-23.tif
2884,1,0.07903464277875462,0.8670114142931918,images/orto-puerto-gata-68-24.tif
2885,1,0.21907546200470546,0.6692837023258935,images/orto-puerto-gata-68-25.tif
2886,1,0.0613298853053425,0.965829386042154,images/orto-puerto-gata-68-26.tif
2887,1,0.08863804351427877,0.9710990105831632,images/orto-puerto-gata-68-27.tif
2888,1,0.04146938005852197,0.95636834044992,images/orto-puerto-gata-68-28.tif
2889,1,0.02438438370280342,0.9131758248235952,images/orto-puerto-gata-68-29.tif
2890,1,0.07926314879196145,0.906009862525088,images/orto-puerto-gata-68-30.tif
2891,1,0.13743378409701634,0.8368928882179998,images/orto-puerto-gata-68-31.tif
2892,1,0.20005919300520886,0.7483618337523792,images/orto-puerto-gata-68-32.tif
2893,1,0.3127154422664307,0.7500098013668627,images/orto-puerto-gata-68-33.tif
2894,1,0.11449413638151375,0.8607119967096671,images/orto-puerto-gata-68-34.tif
2895,1,0.10081151958048526,0.90656205538861,images/orto-puerto-gata-68-35.tif
2896,1,0.24260347294612056,0.8271703803354594,images/orto-puerto-gata-68-36.tif
2897,1,0.17786541017014473,0.852693687294156,images/orto-puerto-gata-68-37.tif
2898,1,0.11231727539431646,0.8818482917471072,images/orto-puerto-gata-68-38.tif
2899,1,0.10284925236415983,0.7860989028727031,images/orto-puerto-gata-68-39.tif
2900,1,0.24974625261890046,0.8319350963110411,images/orto-puerto-gata-68-40.tif
2901,1,0.28718174280938835,0.8517784027784159,images/orto-puerto-gata-69-24.tif
2902,1,0.1376561269668565,0.923889122232242,images/orto-puerto-gata-69-25.tif
2903,1,0.13554218989409408,0.8805825595093492,images/orto-puerto-gata-69-26.tif
2904,1,0.09514899606709692,0.9253419071092812,images/orto-puerto-gata-69-27.tif
2905,1,0.07125122557155343,0.9113032762518432,images/orto-puerto-gata-69-28.tif
2906,1,0.055276017935438286,0.921873611598402,images/orto-puerto-gata-69-29.tif
2907,1,0.05887924172851534,0.9038662384621596,images/orto-puerto-gata-69-30.tif
2908,1,0.09293068945408396,0.8544281062842016,images/orto-puerto-gata-69-31.tif
2909,1,0.11124662730190094,0.8696220494582426,images/orto-puerto-gata-69-32.tif
2910,1,0.15440802215598204,0.7894144262040997,images/orto-puerto-gata-69-33.tif
2911,1,0.16901560101605104,0.7959819111323756,images/orto-puerto-gata-69-34.tif
2912,1,0.3658126540025935,0.8445958380039019,images/orto-puerto-gata-69-35.tif
2913,1,0.2625532384508579,0.8537290354038175,images/orto-puerto-gata-69-39.tif
2914,1,0.3617132148950709,0.8213494651334615,images/orto-puerto-gata-70-27.tif
2915,1,0.1640538082522863,0.9276715391650104,images/orto-puerto-gata-70-28.tif
2916,1,0.07021935915566621,0.956340796621784,images/orto-puerto-gata-70-29.tif
2917,1,0.04385391285727788,0.9725492652917886,images/orto-puerto-gata-70-30.tif
2918,1,0.20890500372405701,0.9260775509033368,images/orto-puerto-gata-70-31.tif
2919,1,0.041422776554124435,0.9761255375417676,images/orto-puerto-gata-70-32.tif
2920,1,0.050443170181910336,0.9087709472642436,images/orto-puerto-gata-70-33.tif
2921,1,0.1177458618726108,0.77943728112436,images/orto-puerto-gata-70-34.tif
2922,1,0.3261410474122925,0.831355653700652,images/orto-puerto-gata-70-35.tif
